{"Train Loss": 0.49654098363301186, "Train Accuracy": 26.577732170343765, "Learning Rate": 0.0, "_timestamp": 1670061220.6647427, "_runtime": 238.78766679763794, "_step": 102, "Validation Accuracy": 42.29582390454639, "Val Precision 0": 0.23062015503875968, "Val Precision 1": 0.2929340196537202, "Val Precision 2": 0.9124149659863946, "Val Recall 0": 0.4536213468869123, "Val Recall 1": 0.626, "Val Recall 2": 0.3490566037735849, "Val F1 0": 0.3057815845824411, "Val F1 1": 0.39910742747848266, "Val F1 2": 0.5049411764705882, "Test Precision 0": 0.2512, "Test Precision 1": 0.27870370370370373, "Test Precision 2": 0.857379767827529, "Test Recall 0": 0.3738095238095238, "Test Recall 1": 0.6297071129707112, "Test Recall 2": 0.36666666666666664, "Test F1 0": 0.3004784688995215, "Test F1 1": 0.3863928112965341, "Test F1 2": 0.5136612021857924, "_wandb": {"runtime": 157}}