{"loss": 1.061433569354526, "train_acc": 32.537788385043754, "_timestamp": 1666990534.5465398, "_runtime": 505.3747398853302, "_step": 49, "val_acc": 17.647058823529413, "_wandb": {"runtime": 505}}