{"Train Loss": 0.9007389374398979, "Train Accuracy": 64.59722934838379, "Learning Rate": 0.0, "_timestamp": 1670058221.2643223, "_runtime": 224.63488817214966, "_step": 102, "Validation Accuracy": 60.83110471096482, "Val Precision 0": 0.29709035222052066, "Val Precision 1": 0.37623762376237624, "Val Precision 2": 0.733858745074265, "Val Recall 0": 0.24650571791613723, "Val Recall 1": 0.342, "Val Recall 2": 0.7875731945348081, "Val F1 0": 0.26944444444444443, "Val F1 1": 0.35830277632268204, "Val F1 2": 0.7597677702808725, "Test Precision 0": 0.3684210526315789, "Test Precision 1": 0.35585585585585583, "Test Precision 2": 0.6925427872860636, "Test Recall 0": 0.2, "Test Recall 1": 0.3305439330543933, "Test Recall 2": 0.8035460992907801, "Test F1 0": 0.25925925925925924, "Test F1 1": 0.3427331887201735, "Test F1 2": 0.7439264609323702, "_wandb": {"runtime": 224}}