{"loss": 0.9681516796097918, "train_acc": 49.74807743304164, "_timestamp": 1666993329.455186, "_runtime": 487.6449658870697, "_step": 49, "val_acc": 50.362610797743756, "_wandb": {"runtime": 487}}