{"loss": 1.1079638730418884, "train_acc": 33.73110580747812, "_timestamp": 1666992603.6065247, "_runtime": 42.3228976726532, "_step": 3, "val_acc": 21.031426269137793, "_wandb": {"runtime": 50}}