{"loss": 1.058893845495531, "train_acc": 32.98859718907452, "_timestamp": 1666990002.650006, "_runtime": 732.7903850078583, "_step": 49, "val_acc": 16.438356164383563, "_wandb": {"runtime": 733}}