{"loss": 1.067839852960433, "train_acc": 32.21957040572792, "_timestamp": 1666987244.155353, "_runtime": 444.0181851387024, "_step": 18, "val_acc": 17.647058823529413, "_wandb": {"runtime": 447}}