{"loss": 1.06814010163485, "train_acc": 33.22726067356139, "_timestamp": 1666988304.6605012, "_runtime": 976.420901298523, "_step": 41, "val_acc": 17.647058823529413, "_wandb": {"runtime": 977}}