{"Train Loss": 0.011025072101435074, "Train Accuracy": 51.89474455764861, "Learning Rate": 0.0, "_timestamp": 1670062336.7603447, "_runtime": 369.8098337650299, "_step": 102, "Validation Accuracy": 69.69759308784201, "Val Precision 0": 0.5333333333333333, "Val Precision 1": 0.5641025641025641, "Val Precision 2": 0.7742749054224464, "Val Recall 0": 0.45743329097839897, "Val Recall 1": 0.572, "Val Recall 2": 0.7989590110605075, "Val F1 0": 0.4924760601915184, "Val F1 1": 0.5680238331678253, "Val F1 2": 0.7864233109189882, "Test Precision 0": 0.5589123867069486, "Test Precision 1": 0.5390781563126252, "Test Precision 2": 0.7665764546684709, "Test Recall 0": 0.44047619047619047, "Test Recall 1": 0.5627615062761506, "Test Recall 2": 0.8035460992907801, "Test F1 0": 0.49267643142476697, "Test F1 1": 0.5506653019447287, "Test F1 2": 0.7846260387811635, "_wandb": {"runtime": 747}}