{"Train Loss": 0.19046351707117967, "Train Accuracy": 43.179652569083046, "Learning Rate": 0.0, "_timestamp": 1670062903.5000026, "_runtime": 182.2188606262207, "_step": 52, "Validation Accuracy": 57.29273811972845, "Val Precision 0": 0.3687683284457478, "Val Precision 1": 0.4135211267605634, "Val Precision 2": 0.8989547038327527, "Val Recall 0": 0.639135959339263, "Val Recall 1": 0.734, "Val Recall 2": 0.5035783994795056, "Val F1 0": 0.4676894467689447, "Val F1 1": 0.529009009009009, "Val F1 2": 0.6455379482902419, "Test Precision 0": 0.388646288209607, "Test Precision 1": 0.41016109045848825, "Test Precision 2": 0.8611793611793612, "Test Recall 0": 0.6357142857142857, "Test Recall 1": 0.6924686192468619, "Test Recall 2": 0.4971631205673759, "Test F1 0": 0.48238482384823855, "Test F1 1": 0.5151750972762646, "Test F1 2": 0.6303956834532375}