{"Train Loss": 0.425365109409762, "Train Accuracy": 31.51066480979257, "Learning Rate": 9.938441702975682e-05, "_timestamp": 1670061866.3416302, "_runtime": 27.07021927833557, "_step": 4, "Validation Accuracy": 57.00473153672084, "Val Precision 0": 0.353643216080402, "Val Precision 1": 0.43186733958183127, "Val Precision 2": 0.8549415515409139, "Val Recall 0": 0.7153748411689962, "Val Recall 1": 0.599, "Val Recall 2": 0.5234222511385817, "Val F1 0": 0.473308112652375, "Val F1 1": 0.5018852115626309, "Val F1 2": 0.6493139628732849, "_wandb": {"runtime": 35}}