{"loss": 0.9814813337841276, "train_acc": 43.94059931052771, "_timestamp": 1666991328.1606336, "_runtime": 490.2535846233368, "_step": 49, "val_acc": 22.159548751007254, "_wandb": {"runtime": 490}}