{"loss": 1.094495830773297, "train_acc": 33.863696632193054, "_timestamp": 1666988613.731756, "_runtime": 194.92098903656006, "_step": 7, "val_acc": 16.438356164383563, "_wandb": {"runtime": 219}}